ISIN	Date	Before2020
XS1088274169	2017-06-23	True
XS1088274672	2017-06-23	True
XS1144492532	2017-06-23	True
XS1571982468	2017-06-23	True
XS0859920406	2017-06-23	True
XS0951567030	2017-06-23	True
XS1004874621	2017-06-23	True
XS1195347478	2017-06-23	True
XS1581375182	2017-06-23	True
XS0763122578	2017-06-23	True
XS1402941790	2017-06-23	True
XS1613121422	2017-06-23	True
ES0211845203	2017-06-23	True
ES0211845252	2017-06-23	True
ES0211845260	2017-06-23	True
ES0211845294	2017-06-23	True
ES0211845302	2017-06-23	True
ES0211845310	2017-06-23	True
XS0495012428	2017-06-23	True
XS0970840095	2017-06-23	True
XS1087831688	2017-06-23	True
XS1508912646	2017-06-23	True
XS0995111761	2017-06-23	True
XS1237184533	2017-06-23	True
XS1527526799	2017-06-23	True
XS0805452405	2017-06-23	True
XS1529854793	2017-06-23	True
XS1004236185	2017-06-23	True
XS1627947440	2017-06-23	True
FR0010908905	2017-06-23	True
FR0011344076	2017-06-23	True
FR0011521277	2017-06-23	True
FR0011951771	2017-06-23	True
FR0012766889	2017-06-23	True
FR0013153822	2017-06-23	True
FR0013182805	2017-06-23	True
FR0013182821	2017-06-23	True
FR0013182839	2017-06-23	True
FR0013182847	2017-06-23	True
FR0013241346	2017-06-23	True
FR0010948257	2017-06-23	True
FR0011439835	2017-06-23	True
XS1050846507	2017-06-23	True
XS1128224703	2017-06-23	True
XS1410582313	2017-06-23	True
XS1410582586	2017-06-23	True
XS0719962986	2017-06-23	True
XS1134519120	2017-06-23	True
XS1391625289	2017-06-23	True
XS0792977984	2017-06-23	True
XS0854759080	2017-06-23	True
XS1400167133	2017-06-23	True
DE000A1AKHB8	2017-06-23	True
DE000A1G0RU9	2017-06-23	True
DE000A1HG1J8	2017-06-23	True
DE000A180B72	2017-06-23	True
XS1323052180	2017-06-23	True
XS1346695437	2017-06-23	True
XS1322048619	2017-06-23	True
XS1501162876	2017-06-23	True
XS1616407869	2017-06-23	True
BE6276038419	2017-06-23	True
BE6285450449	2017-06-23	True
BE6221503202	2017-06-23	True
BE6243179650	2017-06-23	True
BE6243180666	2017-06-23	True
BE6258027729	2017-06-23	True
BE6265140077	2017-06-23	True
BE6265141083	2017-06-23	True
BE6265142099	2017-06-23	True
BE6291424040	2017-06-23	True
BE6242927075	2017-06-23	True
BE6257983286	2017-06-23	True
XS0972530561	2017-06-23	True
XS1405774990	2017-06-23	True
XS1405780963	2017-06-23	True
XS1527556192	2017-06-23	True
XS0452314536	2017-06-23	True
XS1014759648	2017-06-23	True
XS1449707055	2017-06-23	True
XS1558491855	2017-06-23	True
FR0010491720	2017-06-23	True
FR0010737882	2017-06-23	True
FR0010883058	2017-06-23	True
FR0011119775	2017-06-23	True
FR0011394907	2017-06-23	True
FR0011694033	2017-06-23	True
FR0013169885	2017-06-23	True
FR0013231099	2017-06-23	True
FR0013251170	2017-06-23	True
XS1205716720	2017-06-23	True
XS0193945655	2017-06-23	True
XS0542534192	2017-06-23	True
XS0744125302	2017-06-23	True
XS0828749761	2017-06-23	True
XS0986174851	2017-06-23	True
XS1316567343	2017-06-23	True
XS1316569638	2017-06-23	True
XS1327504087	2017-06-23	True
XS1528093799	2017-06-23	True
DE000A188WV3	2017-06-23	True
DE000A188WW1	2017-06-23	True
XS1023268490	2017-06-23	True
XS1023268573	2017-06-23	True
XS1135309794	2017-06-23	True
XS0811690550	2017-06-23	True
XS1121177767	2017-06-23	True
XS1400165350	2017-06-23	True
XS1619283218	2017-06-23	True
XS0173501379	2017-06-23	True
XS0653885961	2017-06-23	True
XS0729046218	2017-06-23	True
XS0860596575	2017-06-23	True
XS0877622034	2017-06-23	True
XS0968316256	2017-06-23	True
XS1015212811	2017-06-23	True
XS1015217703	2017-06-23	True
XS1105264821	2017-06-23	True
XS1105276759	2017-06-23	True
XS1168962063	2017-06-23	True
XS1168971213	2017-06-23	True
XS1321956333	2017-06-23	True
XS1363560977	2017-06-23	True
XS1396260520	2017-06-23	True
XS1396261338	2017-06-23	True
XS1548436473	2017-06-23	True
XS1548436556	2017-06-23	True
XS1589881272	2017-06-23	True
XS1589881785	2017-06-23	True
FR0013222494	2017-06-23	True
FR0010212852	2017-06-23	True
FR0010853226	2017-06-23	True
FR0010957662	2017-06-23	True
FR0011193515	2017-06-23	True
FR0011332196	2017-06-23	True
PTBSSBOE0012	2017-06-23	True
PTBSSGOE0009	2017-06-23	True
PTBSSIOM0015	2017-06-23	True
PTBSSJOM0014	2017-06-23	True
PTBSSLOM0002	2017-06-23	True
BE6254681248	2017-06-23	True
BE6295011025	2017-06-23	True
XS1405777316	2017-06-23	True
XS1232143310	2017-06-23	True
XS1232146412	2017-06-23	True
XS1468525057	2017-06-23	True
XS1551726810	2017-06-23	True
XS0170386998	2017-06-23	True
XS0946179529	2017-06-23	True
XS1114434167	2017-06-23	True
XS1291367313	2017-06-23	True
XS1485608118	2017-06-23	True
XS0944362812	2017-06-23	True
XS1377682676	2017-06-23	True
XS1493428426	2017-06-23	True
XS1577586321	2017-06-23	True
XS1627193359	2017-06-23	True
FR0010327007	2017-06-23	True
FR0013201126	2017-06-23	True
FR0013201134	2017-06-23	True
XS0953199634	2017-06-23	True
XS0969344083	2017-06-23	True
XS1529561182	2017-06-23	True
XS1377745937	2017-06-23	True
XS1377763161	2017-06-23	True
XS1505896735	2017-06-23	True
XS0375220588	2017-06-23	True
XS1419674525	2017-06-23	True
DE000A1MLXN3	2017-06-23	True
DE000A1PGQY7	2017-06-23	True
DE000A1PGWA5	2017-06-23	True
DE000A1R0TN7	2017-06-23	True
DE000A1R04X6	2017-06-23	True
DE000A1R0691	2017-06-23	True
DE000A1TNJ97	2017-06-23	True
DE000A1TNK86	2017-06-23	True
DE000A1X3GC3	2017-06-23	True
DE000A2AAL23	2017-06-23	True
DE000A2AAL31	2017-06-23	True
DE000A2DADM7	2017-06-23	True
DE000A11QSB8	2017-06-23	True
DE000A169G07	2017-06-23	True
DE000A169G15	2017-06-23	True
DE000A169NA6	2017-06-23	True
DE000A169NB4	2017-06-23	True
DE000A169NC2	2017-06-23	True
DE000A168650	2017-06-23	True
DE000A19EJE0	2017-06-23	True
DE000A19HBM3	2017-06-23	True
FR0012432904	2017-06-23	True
FR0013216884	2017-06-23	True
BE0002189554	2017-06-23	True
XS0559434351	2017-06-23	True
DE000A0T7J03	2017-06-23	True
XS0164831843	2017-06-23	True
XS0452868788	2017-06-23	True
XS0515937406	2017-06-23	True
XS0524471355	2017-06-23	True
XS0554975325	2017-06-23	True
XS0632241112	2017-06-23	True
XS0753143709	2017-06-23	True
XS0856032213	2017-06-23	True
XS0969368934	2017-06-23	True
XS0988384904	2017-06-23	True
XS1045386494	2017-06-23	True
XS1309518998	2017-06-23	True
XS1316420089	2017-06-23	True
XS1372911690	2017-06-23	True
XS1441837546	2017-06-23	True
XS1451539487	2017-06-23	True
XS1493724584	2017-06-23	True
DE000A1R1BC6	2017-06-23	True
DE000A1RE1W1	2017-06-23	True
DE000A1684V3	2017-06-23	True
XS1109110251	2017-06-23	True
XS0862941506	2017-06-23	True
XS0862952297	2017-06-23	True
XS0977496636	2017-06-23	True
XS0977500767	2017-06-23	True
XS1388661651	2017-06-23	True
XS1388661735	2017-06-23	True
XS0795872901	2017-06-23	True
XS0795877454	2017-06-23	True
XS0441740817	2017-06-23	True
XS0494953820	2017-06-23	True
XS0503603267	2017-06-23	True
XS0525787874	2017-06-23	True
XS0847580353	2017-06-23	True
XS0850057588	2017-06-23	True
XS0875796541	2017-06-23	True
XS0875797515	2017-06-23	True
XS1382791975	2017-06-23	True
XS1382792197	2017-06-23	True
XS1396830058	2017-06-23	True
XS1557095459	2017-06-23	True
XS1557095616	2017-06-23	True
XS1557096267	2017-06-23	True
XS1617898363	2017-06-23	True
XS1250867642	2017-06-23	True
XS1088135634	2017-06-23	True
XS1400342587	2017-06-23	True
XS1589970968	2017-06-23	True
XS0322977223	2017-06-23	True
XS0347908096	2017-06-23	True
XS0361244667	2017-06-23	True
BE0002481563	2017-06-23	True
BE6212766131	2017-06-23	True
BE6228266902	2017-06-23	True
XS1492685885	2017-06-23	True
FR0012599892	2017-06-23	True
FR0013247202	2017-06-23	True
XS0557897203	2017-06-23	True
XS0223447227	2017-06-23	True
XS0399353506	2017-06-23	True
XS0831842645	2017-06-23	True
XS0970695572	2017-06-23	True
XS0995380580	2017-06-23	True
XS1057345651	2017-06-23	True
XS1111324700	2017-06-23	True
XS1222590488	2017-06-23	True
XS1385395121	2017-06-23	True
XS1471646965	2017-06-23	True
XS1558083652	2017-06-23	True
XS0235372140	2017-06-23	True
XS1292352843	2017-06-23	True
XS0162990229	2017-06-23	True
XS0645947457	2017-06-23	True
BE0002432079	2017-06-23	True
BE0002433085	2017-06-23	True
BE0119550466	2017-06-23	True
XS0836360254	2017-06-23	True
XS0973806861	2017-06-23	True
XS1578886258	2017-06-23	True
XS1052843908	2017-06-23	True
XS1177459531	2017-06-23	True
XS1203859415	2017-06-23	True
XS1403388694	2017-06-23	True
XS1508831051	2017-06-23	True
XS0207320242	2017-06-23	True
XS0399861086	2017-06-23	True
XS1074208270	2017-06-23	True
XS0177089298	2017-06-23	True
XS0452187916	2017-06-23	True
XS0647298883	2017-06-23	True
XS0695401801	2017-06-23	True
XS0827692269	2017-06-23	True
XS0842659426	2017-06-23	True
XS1176079843	2017-06-23	True
XS1425966287	2017-06-23	True
XS1550149204	2017-06-23	True
XS0170343247	2017-06-23	True
XS0192503695	2017-06-23	True
XS0306646042	2017-06-23	True
XS0213737702	2017-06-23	True
XS0737138460	2017-06-23	True
XS0854400800	2017-06-23	True
XS1307369717	2017-06-23	True
XS1396367911	2017-06-23	True
FR0010678185	2017-06-23	True
FR0010709451	2017-06-23	True
XS0331141332	2017-06-23	True
XS0451457435	2017-06-23	True
XS0521000975	2017-06-23	True
XS0563739696	2017-06-23	True
XS0741137029	2017-06-23	True
XS0798555537	2017-06-23	True
XS0951565091	2017-06-23	True
XS0970852348	2017-06-23	True
XS0996354956	2017-06-23	True
XS1023703090	2017-06-23	True
XS1180451657	2017-06-23	True
XS1292988984	2017-06-23	True
XS1412593185	2017-06-23	True
XS1412711217	2017-06-23	True
XS1493322355	2017-06-23	True
XS1493328477	2017-06-23	True
XS1551068676	2017-06-23	True
XS0905658349	2017-06-23	True
XS1239586594	2017-06-23	True
XS1428782160	2017-06-23	True
XS1560853670	2017-06-23	True
XS0551935769	2017-06-23	True
XS1243251375	2017-06-23	True
XS1315101011	2017-06-23	True
XS1396285279	2017-06-23	True
FR0011339746	2017-06-23	True
FR0011660596	2017-06-23	True
FR0013184702	2017-06-23	True
DE000A185QA5	2017-06-23	True
DE000A185QB3	2017-06-23	True
DE000A185QC1	2017-06-23	True
XS0911405784	2017-06-23	True
XS1170787797	2017-06-23	True
ES0205032008	2017-06-23	True
ES0205032016	2017-06-23	True
ES0205032024	2017-06-23	True
XS1004118904	2017-06-23	True
XS0768448796	2017-06-23	True
FR0013170834	2017-06-23	True
XS1554373164	2017-06-23	True
XS1554373248	2017-06-23	True
XS1554373677	2017-06-23	True
XS1554373834	2017-06-23	True
XS0436928872	2017-06-23	True
XS0458749826	2017-06-23	True
XS0479541699	2017-06-23	True
XS0479542580	2017-06-23	True
XS0627188468	2017-06-23	True
XS0741942576	2017-06-23	True
XS0829360923	2017-06-23	True
XS1590568132	2017-06-23	True
XS0875343757	2017-06-23	True
XS0914400246	2017-06-23	True
XS0981438582	2017-06-23	True
XS1041934800	2017-06-23	True
XS1170307414	2017-06-23	True
XS1396767854	2017-06-23	True
XS1401303976	2017-06-23	True
XS1551446880	2017-06-23	True
XS1529684695	2017-06-23	True
XS1117297942	2017-06-23	True
FR0000475758	2017-06-23	True
XS0974877150	2017-06-23	True
XS1051003538	2017-06-23	True
XS1110430193	2017-06-23	True
XS1202846819	2017-06-23	True
XS1489184900	2017-06-23	True
XS1387174375	2017-06-23	True
XS1425274484	2017-06-23	True
XS1529515584	2017-06-23	True
DE000A0TKUU3	2017-06-23	True
XS0458685913	2017-06-23	True
XS0478803355	2017-06-23	True
XS0985874543	2017-06-23	True
XS1002933072	2017-06-23	True
XS1044496203	2017-06-23	True
XS1549372420	2017-06-23	True
XS1589806907	2017-06-23	True
XS1629387462	2017-06-23	True
XS0911691003	2017-06-23	True
XS1288852939	2017-06-23	True
XS1310154536	2017-06-23	True
XS1330434389	2017-06-23	True
XS1401174633	2017-06-23	True
XS1527192485	2017-06-23	True
XS1611855237	2017-06-23	True
XS1611167856	2017-06-23	True
XS0875513268	2017-06-23	True
XS1040041649	2017-06-23	True
XS1488370740	2017-06-23	True
XS1488418960	2017-06-23	True
XS0471071133	2017-06-23	True
XS0880764435	2017-06-23	True
XS0976307040	2017-06-23	True
XS1084043451	2017-06-23	True
XS1504194173	2017-06-23	True
XS1420337633	2017-06-23	True
XS1420338102	2017-06-23	True
XS0825829590	2017-06-23	True
XS0271758301	2017-06-23	True
XS0494868630	2017-06-23	True
XS1527758145	2017-06-23	True
XS1575444622	2017-06-23	True
XS0879869187	2017-06-23	True
XS0940711947	2017-06-23	True
XS0990109240	2017-06-23	True
XS1057055060	2017-06-23	True
XS1116408235	2017-06-23	True
XS1171541813	2017-06-23	True
XS1291004270	2017-06-23	True
XS1398476793	2017-06-23	True
XS1433521884	2017-06-23	True
XS1490726590	2017-06-23	True
XS1191115366	2017-06-23	True
XS1191116174	2017-06-23	True
BE0002448232	2017-06-23	True
BE0002478536	2017-06-23	True
XS0172851650	2017-06-23	True
XS0399647675	2017-06-23	True
XS0412842857	2017-06-23	True
XS0878010718	2017-06-23	True
XS0982019126	2017-06-23	True
XS1595704872	2017-06-23	True
XS1314238459	2017-06-23	True
XS1511781467	2017-06-23	True
XS1551917245	2017-06-23	True
XS1551917591	2017-06-23	True
XS1578294081	2017-06-23	True
DE000A1Z0TA4	2017-06-23	True
DE000A1Z6C06	2017-06-23	True
DE000A1ZSAF4	2017-06-23	True
DE000A19HCW0	2017-06-23	True
DE000A19HCX8	2017-06-23	True
DE000A181034	2017-06-23	True
AT0000A0X913	2017-06-23	True
FR0011236983	2017-06-23	True
FR0011535764	2017-06-23	True
FR0011584929	2017-06-23	True
FR0012648244	2017-06-23	True
FR0013165677	2017-06-23	True
FR0013248721	2017-06-23	True
XS1288849471	2017-06-23	True
XS0896119384	2017-06-23	True
XS1531060025	2017-06-23	True
XS0993228294	2017-06-23	True
XS1041772986	2017-06-23	True
XS1215181980	2017-06-23	True
XS1293087703	2017-06-23	True
XS1495373505	2017-06-23	True
XS0811124790	2017-06-23	True
XS1485532896	2017-06-23	True
XS1485533431	2017-06-23	True
FR0000476087	2017-06-23	True
FR0010586081	2017-06-23	True
XS1554456613	2017-06-23	True
FR0013073277	2017-06-23	True
XS1586337872	2017-06-23	True
DE000A1R07P5	2017-06-23	True
XS0828235225	2017-06-23	True
XS0632659933	2017-06-23	True
XS0718526790	2017-06-23	True
XS0790015548	2017-06-23	True
XS1069836077	2017-06-23	True
XS1397134609	2017-06-23	True
XS1518704900	2017-06-23	True
XS0997829519	2017-06-23	True
XS1030851791	2017-06-23	True
FR0011033232	2017-06-23	True
FR0011485051	2017-06-23	True
FR0011625441	2017-06-23	True
FR0012173706	2017-06-23	True
FR0013257599	2017-06-23	True
FR0013257607	2017-06-23	True
FR0013257615	2017-06-23	True
FR0013257623	2017-06-23	True
XS1596739364	2017-06-23	True
XS1596740453	2017-06-23	True
ES0224244071	2017-06-23	True
XS0497186758	2017-06-23	True
XS1284570626	2017-06-23	True
XS1284576581	2017-06-23	True
XS1398336351	2017-06-23	True
XS1512827095	2017-06-23	True
XS1619643015	2017-06-23	True
XS0863116231	2017-06-23	True
XS1626574708	2017-06-23	True
XS0794392588	2017-06-23	True
XS1233732194	2017-06-23	True
XS1233734562	2017-06-23	True
XS0257884436	2017-06-23	True
XS0690606172	2017-06-23	True
XS0804217536	2017-06-23	True
XS1409382030	2017-06-23	True
XS1520713022	2017-06-23	True
XS0805500062	2017-06-23	True
XS0826531120	2017-06-23	True
XS0925668625	2017-06-23	True
XS0969795680	2017-06-23	True
XS1132789949	2017-06-23	True
XS1319652902	2017-06-23	True
XS1204254715	2017-06-23	True
XS1550988569	2017-06-23	True
XS1623355374	2017-06-23	True
XS1623355457	2017-06-23	True
XS1134729794	2017-06-23	True
XS1134758116	2017-06-23	True
XS1492825051	2017-06-23	True
XS1492825481	2017-06-23	True
XS1584884347	2017-06-23	True
XS1585010074	2017-06-23	True
XS0912992160	2017-06-23	True
XS1025752293	2017-06-23	True
FR0000471930	2017-06-23	True
XS0365094811	2017-06-23	True
XS1408317433	2017-06-23	True
XS1418632748	2017-06-23	True
XS1615067615	2017-06-23	True
XS1489391109	2017-06-23	True
FR0011798115	2017-06-23	True
FR0012173862	2017-06-23	True
FR0012968931	2017-06-23	True
FR0013172939	2017-06-23	True
XS1028951777	2017-06-23	True
XS0944435121	2017-06-23	True
NL0006133175	2017-06-23	True
FR0012384634	2017-06-23	True
FR0012384667	2017-06-23	True
FR0013217346	2017-06-23	True
XS0591586788	2017-06-23	True
XS0619706657	2017-06-23	True
XS0876289652	2017-06-23	True
XS0935803386	2017-06-23	True
XS1079698376	2017-06-23	True
XS1219462543	2017-06-23	True
XS1395060491	2017-06-23	True
XS1633929929	2017-06-23	True
XS1050547931	2017-06-23	True
XS1223842847	2017-06-23	True
FR0013183431	2017-06-23	True
XS1384281090	2017-06-23	True
XS1576837725	2017-06-23	True
XS1576838376	2017-06-23	True
XS0982774399	2017-06-23	True
XS1189286286	2017-06-23	True
XS1423826798	2017-06-23	True
XS0733696495	2017-06-23	True
XS0831370613	2017-06-23	True
XS0933604943	2017-06-23	True
XS0975256685	2017-06-23	True
XS1148073205	2017-06-23	True
XS1334225361	2017-06-23	True
XS1442286008	2017-06-23	True
XS1451452954	2017-06-23	True
XS1613140489	2017-06-23	True
XS1084563615	2017-06-23	True
XS0934389221	2017-06-23	True
XS0934539726	2017-06-23	True
XS0760139773	2017-06-23	True
XS1195056079	2017-06-23	True
XS1371715118	2017-06-23	True
XS1622363858	2017-06-23	True
XS1077584024	2017-06-23	True
XS1199964575	2017-06-23	True
XS1565699763	2017-06-23	True
FR0010951806	2017-06-23	True
FR0011347608	2017-06-23	True
XS1110299036	2017-06-23	True
XS1370701549	2017-06-23	True
XS1520733301	2017-06-23	True
XS1622193750	2017-06-23	True
FR0011355791	2017-06-23	True
FR0011560333	2017-06-23	True
FR0011625433	2017-06-23	True
FR0012146777	2017-06-23	True
FR0012146801	2017-06-23	True
XS0456451771	2017-06-23	True
XS1363071009	2017-06-23	True
XS0995382446	2017-06-23	True
XS0428147093	2017-06-23	True
XS1048521733	2017-06-23	True
XS1048529041	2017-06-23	True
XS1135276332	2017-06-23	True
XS1135277140	2017-06-23	True
XS1292468045	2017-06-23	True
XS1292468987	2017-06-23	True
XS1292484323	2017-06-23	True
XS1411401083	2017-06-23	True
XS1411405662	2017-06-23	True
XS1476654238	2017-06-23	True
XS1476654584	2017-06-23	True
DE000A1G85B4	2017-06-23	True
DE000A1UDWM7	2017-06-23	True
DE000A1UDWN5	2017-06-23	True
XS0369461644	2017-06-23	True
XS0806449814	2017-06-23	True
XS0829183614	2017-06-23	True
XS0829190585	2017-06-23	True
XS0853682069	2017-06-23	True
XS0914294979	2017-06-23	True
XS1019326641	2017-06-23	True
XS1061410962	2017-06-23	True
XS1126183760	2017-06-23	True
XS1318709497	2017-06-23	True
XS1505573482	2017-06-23	True
XS1508588875	2017-06-23	True
XS1555402145	2017-06-23	True
FR0010199927	2017-06-23	True
XS0368361217	2017-06-23	True
XS0410937659	2017-06-23	True
XS0488101527	2017-06-23	True
BE0374557404	2017-06-23	True
XS0953958641	2017-06-23	True
XS1185941850	2017-06-23	True
XS1077088984	2017-06-23	True
XS1524573752	2017-06-23	True
FR0010745976	2017-06-23	True
FR0010780528	2017-06-23	True
FR0013173432	2017-06-23	True
DE000TLX2003	2017-06-23	True
DE000TLX2102	2017-06-23	True
XS0184373925	2017-06-23	True
XS0486101024	2017-06-23	True
XS0630463965	2017-06-23	True
XS0794393396	2017-06-23	True
XS1020952435	2017-06-23	True
XS1169832810	2017-06-23	True
XS1347748607	2017-06-23	True
XS1419869885	2017-06-23	True
XS1497606365	2017-06-23	True
XS1551678409	2017-06-23	True
XS0462999573	2017-06-23	True
XS0540187894	2017-06-23	True
XS0746276335	2017-06-23	True
XS0842214818	2017-06-23	True
XS0874864860	2017-06-23	True
XS0907289978	2017-06-23	True
XS0934042549	2017-06-23	True
XS1069430368	2017-06-23	True
XS1120892507	2017-06-23	True
XS1290729208	2017-06-23	True
XS1394764689	2017-06-23	True
XS1394777665	2017-06-23	True
XS1505554698	2017-06-23	True
XS1505554771	2017-06-23	True
XS1550951138	2017-06-23	True
XS1550951211	2017-06-23	True
XS1555704078	2017-06-23	True
XS0162869076	2017-06-23	True
XS0767278301	2017-06-23	True
XS0950055359	2017-06-23	True
XS0999667263	2017-06-23	True
XS1405762805	2017-06-23	True
XS0485616758	2017-06-23	True
XS0593606121	2017-06-23	True
XS0593606550	2017-06-23	True
XS0988014212	2017-06-23	True
XS1241581096	2017-06-23	True
XS1241581179	2017-06-23	True
XS1432384409	2017-06-23	True
XS1432384664	2017-06-23	True
XS1505568136	2017-06-23	True
XS0740810881	2017-06-23	True
XS1043513529	2017-06-23	True
XS1183235644	2017-06-23	True
XS1514470316	2017-06-23	True
XS0203712939	2017-06-23	True
XS0436320278	2017-06-23	True
XS0605214336	2017-06-23	True
XS0843310748	2017-06-23	True
XS1178105851	2017-06-23	True
XS1503131713	2017-06-23	True
XS0418669429	2017-06-23	True
XS0541787783	2017-06-23	True
XS0554819465	2017-06-23	True
XS0761713865	2017-06-23	True
XS0811116853	2017-06-23	True
XS0978619194	2017-06-23	True
XS1038708522	2017-06-23	True
XS1074055770	2017-06-23	True
XS1121177338	2017-06-23	True
XS1218363270	2017-06-23	True
XS1376614118	2017-06-23	True
XS1401196958	2017-06-23	True
XS1401197253	2017-06-23	True
XS1523192588	2017-06-23	True
XS1569845404	2017-06-23	True
XS1619568303	2017-06-23	True
XS1619568998	2017-06-23	True
XS0957258212	2017-06-23	True
XS1178970106	2017-06-23	True
XS1241577490	2017-06-23	True
XS1403010512	2017-06-23	True
XS1403014936	2017-06-23	True
XS1403015156	2017-06-23	True
XS1566100977	2017-06-23	True
XS1566101603	2017-06-23	True
XS1529854280	2017-06-23	True
XS1032164607	2017-06-23	True
XS1145750037	2017-06-23	True
XS1269854870	2017-06-23	True
FR0011689033	2017-06-23	True
FR0013139482	2017-06-23	True
FR0013230943	2017-06-23	True
FR0010033381	2017-06-23	True
XS0439828269	2017-06-23	True
XS1140300663	2017-06-23	True
XS0942081570	2017-06-23	True
XS0942082115	2017-06-23	True
XS0951155869	2017-06-23	True
FR0010830034	2017-06-23	True
XS0168881760	2017-06-23	True
XS0731681556	2017-06-23	True
XS0873793375	2017-06-23	True
XS0909788290	2017-06-23	True
XS1167644407	2017-06-23	True
XS1167667283	2017-06-23	True
XS1586555515	2017-06-23	True
XS1586555606	2017-06-23	True
XS1586555861	2017-06-23	True
XS1586555945	2017-06-23	True
DE000A1HRVD5	2017-06-23	True
DE000A1ZLUN1	2017-06-23	True
DE000A1ZY971	2017-06-23	True
DE000A1ZY989	2017-06-23	True
DE000A18V138	2017-06-23	True
DE000A18V146	2017-06-23	True
DE000A19B8D4	2017-06-23	True
DE000A19B8E2	2017-06-23	True
DE000A182VS4	2017-06-23	True
DE000A182VT2	2017-06-23	True
DE000A189ZX0	2017-06-23	True
FR0011036979	2017-06-23	True
FR0013005196	2017-06-23	True
FR0013213709	2017-06-23	True
XS1514149159	2017-06-23	True
XS0907301260	2017-06-23	True
XS1067329570	2017-06-23	True
XS1575992596	2017-06-23	True
XS1533928971	2017-06-23	True
XS1112013666	2017-06-23	True
DE000A1HJ483	2017-06-23	True
XS0625977987	2017-06-23	True
XS1234248919	2017-06-23	True
XS0979598207	2017-06-23	True
XS0979598462	2017-06-23	True
XS1628004779	2017-06-30	True
FR0010096941	2017-06-30	True
XS1632897762	2017-06-30	True
XS1632897929	2017-06-30	True
BE6248644013	2017-07-07	True
BE6276039425	2017-07-07	True
BE6276040431	2017-07-07	True
BE6285451454	2017-07-07	True
BE6285452460	2017-07-07	True
BE6285454482	2017-07-07	True
BE6285455497	2017-07-07	True
BE6285457519	2017-07-07	True
IT0004869985	2017-07-07	True
IT0005108490	2017-07-07	True
FR0013264405	2017-07-07	True
FR0013264421	2017-07-07	True
FR0013264439	2017-07-07	True
BE0002269380	2017-07-07	True
XS1637093508	2017-07-07	True
DE000A2GSCW3	2017-07-07	True
DE000A2GSCX1	2017-07-07	True
DE000A2GSCY9	2017-07-07	True
BE0002178441	2017-07-07	True
BE0002420926	2017-07-07	True
BE0002443183	2017-07-07	True
BE0002470459	2017-07-07	True
FR0010800540	2017-07-07	True
FR0010891317	2017-07-07	True
FR0010961540	2017-07-07	True
FR0010961581	2017-07-07	True
FR0011182641	2017-07-07	True
FR0011225143	2017-07-07	True
FR0011318658	2017-07-07	True
FR0011637586	2017-07-07	True
FR0013213295	2017-07-07	True
FR0013213303	2017-07-07	True
XS0342783692	2017-07-07	True
XS0367001228	2017-07-07	True
XS0409749206	2017-07-07	True
BE0002239086	2017-07-07	True
BE0002276450	2017-07-07	True
BE0002466416	2017-07-07	True
IT0004794142	2017-07-07	True
FR0010952739	2017-07-07	True
FR0011147305	2017-07-07	True
FR0011261916	2017-07-07	True
FR0011289222	2017-07-07	True
FR0011911239	2017-07-07	True
FR0011911247	2017-07-07	True
FR0012602753	2017-07-07	True
FR0012602761	2017-07-07	True
FR0013245859	2017-07-07	True
FR0013245867	2017-07-07	True
FR0013260767	2017-07-07	True
IT0004760655	2017-07-07	True
XS0954248729	2017-07-07	True
XS1639488771	2017-07-07	True
FR0013262698	2017-07-07	True
XS1111108673	2017-07-07	True
XS1086104681	2017-07-07	True
DE000A1PGZ82	2017-07-07	True
XS0997941199	2017-07-07	True
XS0997941355	2017-07-07	True
FR0011321405	2017-07-07	True
FR0012674661	2017-07-07	True
FR0013121753	2017-07-07	True
FR0013203825	2017-07-07	True
FR0013238045	2017-07-07	True
FR0011360478	2017-07-07	True
FR0012758985	2017-07-07	True
FR0013266830	2017-07-07	True
FR0013266848	2017-07-07	True
FR0012332203	2017-07-07	True
FR0011560069	2017-07-07	True
FR0011560077	2017-07-07	True
FR0013217114	2017-07-07	True
FR0013241536	2017-07-07	True
FR0013241676	2017-07-07	True
XS0541453147	2017-07-07	True
XS0563306314	2017-07-07	True
XS0616431507	2017-07-07	True
XS0794245018	2017-07-07	True
XS0827999318	2017-07-07	True
XS0911431517	2017-07-07	True
FR0012969038	2017-07-07	True
FR0013143989	2017-07-07	True
FR0013143997	2017-07-07	True
FR0013144003	2017-07-07	True
FR0013201613	2017-07-07	True
FR0013201621	2017-07-07	True
FR0013201639	2017-07-07	True
FR0011075183	2017-07-07	True
FR0011119460	2017-07-07	True
FR0011561000	2017-07-07	True
FR0012601367	2017-07-07	True
FR0012939841	2017-07-07	True
FR0013201308	2017-07-07	True
XS1558472129	2017-07-07	True
XS1622414438	2017-07-07	True
FR0010913780	2017-07-07	True
FR0011048966	2017-07-07	True
FR0011585215	2017-07-07	True
FR0012949923	2017-07-07	True
FR0013248507	2017-07-07	True
FR0013248523	2017-07-07	True
XS0974375130	2017-07-07	True
XS0830194501	2017-07-07	True
XS0994990280	2017-07-07	True
XS0994991411	2017-07-07	True
XS1048519679	2017-07-07	True
XS1139315581	2017-07-07	True
XS1443997223	2017-07-07	True
XS1443997819	2017-07-07	True
FR0010261396	2017-07-07	True
FR0010474239	2017-07-07	True
FR0011224963	2017-07-07	True
FR0012663169	2017-07-07	True
FR0013210408	2017-07-07	True
FR0013210416	2017-07-07	True
FR0013246725	2017-07-07	True
FR0013246733	2017-07-07	True
FR0013176302	2017-07-07	True
FR0013176310	2017-07-07	True
FR0013220399	2017-07-07	True
BE0002285543	2017-07-14	True
XS1301052202	2017-07-14	True
FR0013266343	2017-07-14	True
XS1645722262	2017-07-14	True
XS1646530565	2017-07-21	True
XS1024136282	2017-07-28	True
XS1652965085	2017-07-28	True
XS1650590349	2017-07-28	True
FR0010952770	2017-07-28	True
XS1654191623	2017-08-04	True
XS1654192191	2017-08-04	True
XS1654192274	2017-08-04	True
XS1654229373	2017-08-04	True
XS0763379343	2017-08-04	True
XS1652866002	2017-08-04	True
XS0604641034	2017-08-11	True
XS1616917800	2017-08-11	True
FR0012315133	2017-08-11	True
XS0868458653	2017-08-11	True
FR0012199008	2017-08-18	True
XS1114452060	2017-09-01	True
XS1412424662	2017-09-01	True
XS1673869977	2017-09-01	True
XS1672151492	2017-09-01	True
XS1671754650	2017-09-08	True
XS1671760384	2017-09-08	True
DE000A19NS93	2017-09-08	True
XS1678966935	2017-09-15	True
XS1681521081	2017-09-15	True
XS1682538183	2017-09-15	True
FR0013281888	2017-09-15	True
XS1139316555	2017-09-15	True
XS1683495052	2017-09-15	True
XS1683495136	2017-09-15	True
DE000A19NY87	2017-09-15	True
XS1685798370	2017-09-22	True
XS1684831982	2017-09-22	True
XS1684269332	2017-09-22	True
XS1685542497	2017-09-22	True
XS0161100515	2017-09-29	True
DE000A1HNW52	2017-09-29	True
XS1626600040	2017-09-29	True
XS1689523840	2017-09-29	True
FR0013282571	2017-09-29	True
FR0013283140	2017-09-29	True
FR0013284247	2017-09-29	True
FR0013284254	2017-09-29	True
FR0013284270	2017-09-29	True
XS1688199949	2017-09-29	True
XS1691781865	2017-10-06	True
XS1693818285	2017-10-06	True
XS1693818525	2017-10-06	True
XS1695276367	2017-10-13	True
FR0013286788	2017-10-13	True
FR0013286846	2017-10-13	True
XS1698218523	2017-10-13	True
XS1702729275	2017-10-20	True
FR0010870949	2017-10-20	True
XS0894202968	2017-10-20	True
XS1698714000	2017-10-20	True
XS1705553250	2017-10-27	True
XS1705553417	2017-10-27	True
DE000A1HG1K6	2017-10-27	True
XS1706921951	2017-10-27	True
XS1706922256	2017-10-27	True
XS1707074941	2017-11-03	True
XS1707075245	2017-11-03	True
XS1707075328	2017-11-03	True
FR0013264488	2017-11-03	True
FR0013292968	2017-11-03	True
FR0013293362	2017-11-03	True
XS1701884204	2017-11-03	True
XS1704789590	2017-11-03	True
XS1709374497	2017-11-03	True
XS1046851025	2017-11-10	True
XS1715306012	2017-11-10	True
XS1716616179	2017-11-10	True
XS1715353105	2017-11-10	True
DE000A2GSLY0	2017-11-17	True
DE000A19RXA1	2017-11-17	True
XS1718393439	2017-11-17	True
XS1700721464	2017-11-17	True
XS1709433509	2017-11-24	True
XS1721051495	2017-11-24	True
DE000A19SE11	2017-11-24	True
FR0013298387	2017-11-24	True
BE6256887967	2017-12-01	True
XS1724873275	2017-12-01	True
XS1726152108	2017-12-01	True
DE000A19S4T0	2017-12-08	True
DE000A19S4U8	2017-12-08	True
DE000A19S4V6	2017-12-08	True
ES0224261059	2017-12-08	True
XS1729879822	2017-12-08	True
FR0013298676	2017-12-08	True
FR0013298684	2017-12-08	True
XS0215093534	2017-12-08	True
XS0458887030	2017-12-08	True
XS0999654873	2017-12-08	True
XS1627782771	2017-12-08	True
XS1734533372	2017-12-15	True
FR0013300605	2017-12-15	True
FR0013302809	2017-12-15	True
XS1718281808	2017-12-15	True
XS1732400319	2017-12-22	True
DE000A19UNN9	2018-01-12	True
XS1747444245	2018-01-12	True
XS1747444831	2018-01-12	True
PTMTLDOM0005	2018-01-19	True
XS1753814737	2018-01-19	True
DE000A19UR61	2018-01-19	True
DE000A19UR79	2018-01-19	True
FR0013310224	2018-01-19	True
BE6301509012	2018-01-26	True
BE6301510028	2018-01-26	True
BE6301511034	2018-01-26	True
XS1756296965	2018-01-26	True
FR0013310455	2018-01-26	True
XS1750986744	2018-01-26	True
XS1732232340	2018-02-02	True
XS1761785077	2018-02-02	True
XS1755428502	2018-02-02	True
XS1761721262	2018-02-09	True
XS1062909624	2018-02-09	True
XS1759603761	2018-02-09	True
XS1764062326	2018-02-09	True
FR0012969012	2018-02-09	True
XS1769040111	2018-02-16	True
XS1769041192	2018-02-16	True
XS1769041606	2018-02-16	True
XS1769090728	2018-02-16	True
XS1769090991	2018-02-16	True
XS1769091296	2018-02-16	True
XS1752475720	2018-02-16	True
FR0013030038	2018-02-16	True
XS1781401085	2018-02-23	True
XS1775786574	2018-02-23	True
XS1767087866	2018-02-23	True
XS1772457633	2018-02-23	True
PTCFPAOM0002	2018-03-02	True
PTMTLCOM0006	2018-03-02	True
XS1019821732	2018-03-02	True
XS1772374770	2018-03-02	True
FR0013320249	2018-03-02	True
XS1785458172	2018-03-09	True
XS1785356251	2018-03-09	True
FR0013321080	2018-03-09	True
XS1218319702	2018-03-09	True
BE0002584622	2018-03-16	True
XS1788586375	2018-03-16	True
XS1787477543	2018-03-23	True
XS1787517199	2018-03-23	True
XS1793224632	2018-03-23	True
DE000A19X793	2018-03-23	True
DE000A19X8A4	2018-03-23	True
DE000A19X8B2	2018-03-23	True
DE000A19X8C0	2018-03-23	True
FR0013323870	2018-03-23	True
FR0013324316	2018-03-23	True
FR0013324324	2018-03-23	True
FR0013324332	2018-03-23	True
FR0013324340	2018-03-23	True
FR0013324357	2018-03-23	True
FR0013324373	2018-03-23	True
XS1793349926	2018-03-23	True
XS1789751531	2018-03-30	True
XS1789752182	2018-03-30	True
XS1789759195	2018-03-30	True
DE000A2LQJ75	2018-03-30	True
FI4000312095	2018-03-30	True
FR0013321536	2018-04-06	True
DE000A19Y1P6	2018-04-13	True
XS1808482746	2018-04-20	True
XS1799545329	2018-04-20	True
XS1810653540	2018-04-27	True
XS1815116568	2018-05-04	True
XS1815116998	2018-05-04	True
XS1815135352	2018-05-04	True
FR0012283653	2018-05-04	True
DE000A190ND6	2018-05-11	True
DE000A190NE4	2018-05-11	True
XS1816329418	2018-05-11	True
PTNOSFOM0000	2018-05-18	True
XS1782806357	2018-05-18	True
XS1713464102	2018-05-18	True
FR0013332970	2018-05-18	True
FR0013332988	2018-05-18	True
FR0013332996	2018-05-18	True
FR0013333002	2018-05-18	True
XS1823246712	2018-05-25	True
XS1823246803	2018-05-25	True
XS1823518730	2018-05-25	True
XS1829217345	2018-06-01	True
XS1829217428	2018-06-01	True
FR0013336435	2018-06-01	True
XS1789623029	2018-06-08	True
XS1823165631	2018-06-08	True
XS1828037587	2018-06-08	True
XS1828037827	2018-06-15	True
XS1837288494	2018-06-15	True
FI4000282629	2018-06-15	True
FR0013342128	2018-06-15	True
FR0011289230	2018-06-22	True
FR0013342334	2018-06-22	True
FR0013344215	2018-06-22	True
DE000A1919G4	2018-06-29	True
DE000A1919H2	2018-06-29	True
XS1846632104	2018-06-29	True
XS1828032513	2018-06-29	True
XS1828033834	2018-06-29	True
XS1840614736	2018-06-29	True
XS1840614900	2018-06-29	True
XS1840618059	2018-06-29	True
XS1840618216	2018-06-29	True
XS1847692636	2018-06-29	True
FR0013344686	2018-06-29	True
FR0013346137	2018-06-29	True
XS1844215696	2018-06-29	True
XS1846631049	2018-06-29	True
PTMTLBOM0007	2018-07-06	True
DE000A192ZH7	2018-07-06	True
FR0013346814	2018-07-06	True
XS1854532949	2018-07-13	True
XS1855440019	2018-07-13	True
FR0010394437	2018-07-13	True
FR0012969020	2018-07-13	True
XS1858912915	2018-07-27	True
FI4000223532	2018-08-03	True
XS1863994981	2018-08-10	True
DE000A194DC1	2018-08-10	True
DE000A194DD9	2018-08-10	True
DE000A194DE7	2018-08-10	True
XS0500397905	2018-08-10	True
XS1873143561	2018-08-31	True
XS1873143645	2018-08-31	True
XS1822791619	2018-09-07	True
XS1873208950	2018-09-07	True
XS1873209172	2018-09-07	True
XS1876069185	2018-09-07	True
XS1874127811	2018-09-07	True
XS1874127902	2018-09-07	True
XS1874128033	2018-09-07	True
FR0013357845	2018-09-07	True
FR0013357852	2018-09-07	True
FR0013357860	2018-09-07	True
XS1874122267	2018-09-07	True
XS1874122770	2018-09-07	True
XS1877846110	2018-09-14	True
FR0013359197	2018-09-14	True
FR0013359239	2018-09-14	True
XS1877937851	2018-09-14	True
BE0002596741	2018-09-21	True
XS1823623878	2018-09-21	True
XS1877595014	2018-09-21	True
XS1877595444	2018-09-21	True
XS1878190757	2018-09-21	True
XS1878191052	2018-09-21	True
XS1878191219	2018-09-21	True
XS1577731604	2018-09-21	True
XS1624344542	2018-09-21	True
FR0013359254	2018-09-21	True
XS1881574591	2018-09-21	True
XS1881593971	2018-09-21	True
XS1881004730	2018-09-21	True
XS1878266326	2018-09-28	True
XS1882681452	2018-09-28	True
XS1888229249	2018-09-28	True
XS1888184121	2018-09-28	True
FR0013365285	2018-09-28	True
FR0013365293	2018-09-28	True
FR0013367422	2018-09-28	True
XS1881533563	2018-09-28	True
XS1828032786	2018-10-05	True
XS1794354628	2018-10-05	True
FR0013369493	2018-10-05	True
XS1843459600	2018-10-12	True
XS1893621026	2018-10-12	True
XS1843459436	2018-10-12	True
XS1891195775	2018-10-12	True
XS1885608817	2018-10-19	True
FR0013368545	2018-10-19	True
XS1892117919	2018-10-26	True
XS1401125346	2018-10-26	True
XS1853999313	2018-11-09	True
FR0013378445	2018-11-09	True
FR0013378452	2018-11-09	True
FR0013378460	2018-11-09	True
XS1898256257	2018-11-09	True
XS1900101046	2018-11-16	True
XS1910245593	2018-11-16	True
XS1910245676	2018-11-16	True
XS1910947941	2018-11-16	True
XS1910948162	2018-11-16	True
XS1910948329	2018-11-16	True
XS1910948675	2018-11-16	True
XS1903442744	2018-11-16	True
XS1917358621	2018-12-07	True
FR0013383213	2018-12-07	True
FR0013385473	2018-12-07	True
FR0013385655	2018-12-07	True
AT0000A24UY3	2018-12-14	True
FR0010922534	2018-12-21	True
BE0002629104	2019-02-01	True
XS1936139770	2019-02-01	True
FR0013396876	2019-02-08	True
XS1946004451	2019-02-15	True
XS1958214964	2019-03-22	True
XS1953833750	2019-03-22	True
BE6312821612	2019-04-05	True
BE6312822628	2019-04-05	True
FR0013409851	2019-04-05	True
XS1936208419	2019-04-12	True
XS1955187692	2019-04-12	True
FR0013409836	2019-04-19	True
XS1979288328	2019-04-26	True
XS1936208252	2019-04-26	True
XS1960685383	2019-04-26	True
XS1937665955	2019-04-26	True
XS0809847667	2019-05-03	True
XS1980270810	2019-05-03	True
DE000A2YB699	2019-05-10	True
XS1957442541	2019-05-10	True
DE000A2YB7A7	2019-05-17	True
XS1995781546	2019-06-07	True
XS2001175657	2019-06-07	True
XS1967636199	2019-06-07	True
XS1995662027	2019-06-14	True
XS1967635977	2019-06-14	True
XS1996268253	2019-06-14	True
DE000A2YB7B5	2019-06-21	True
XS1996435688	2019-06-21	True
XS2002491780	2019-07-05	True
XS2009943379	2019-07-05	True
XS2014382845	2019-07-12	True
XS2019976070	2019-07-12	True
XS2018636600	2019-07-19	True
DE000A2RYD91	2019-07-19	True
XS2025466413	2019-07-19	True
DE000A2RYD83	2019-08-02	True
XS1955187775	2019-08-02	True
XS2032727310	2019-08-02	True
XS2025480596	2019-08-09	True
XS2035620710	2019-08-09	True
XS1961772560	2019-08-16	True
XS2001278899	2019-08-16	True
XS2033351995	2019-08-16	True
XS1967635621	2019-08-23	True
XS1577727164	2019-08-23	True
BE6315847804	2019-09-20	True
XS2047479469	2019-09-20	True
DE000A2RWAX4	2019-09-27	True
DE000A2TR083	2019-09-27	True
XS2024715794	2019-09-27	True
XS1956027947	2019-09-27	True
XS2004381245	2019-09-27	True
XS2010044209	2019-10-04	True
XS2010045198	2019-10-04	True
XS2010045271	2019-10-04	True
XS2047619064	2019-10-04	True
XS1969600748	2019-10-11	True
XS2002491863	2019-10-11	True
XS2022084367	2019-10-11	True
XS2049726990	2019-10-11	True
XS1901055472	2019-10-18	True
FR0013428513	2019-10-18	True
XS2020608548	2019-10-18	True
XS2023872174	2019-10-25	True
XS2023873149	2019-10-25	True
XS2060691040	2019-10-25	True
XS2055728054	2019-10-25	True
FR0013452620	2019-10-25	True
XS2004381674	2019-10-25	True
XS2052310054	2019-11-01	True
DE000A2YNZW8	2019-11-01	True
XS1955187858	2019-11-01	True
XS1956028168	2019-11-01	True
XS2009861480	2019-11-01	True
FR0013405347	2019-11-01	True
FR0013428067	2019-11-01	True
FR0013444775	2019-11-01	True
XS2052313827	2019-11-08	True
XS2056374353	2019-11-08	True
XS2056572154	2019-11-08	True
XS2057069093	2019-11-08	True
XS2057069762	2019-11-08	True
XS2057070182	2019-11-08	True
XS2078734626	2019-11-08	True
XS2078735276	2019-11-08	True
XS2078735433	2019-11-08	True
DE000A2R9ZT1	2019-11-08	True
DE000A2R9ZU9	2019-11-08	True
DE000A2YPFU9	2019-11-08	True
XS0438844093	2019-11-08	True
XS1948611840	2019-11-08	True
XS2049616548	2019-11-08	True
XS2055727916	2019-11-08	True
XS2020583618	2019-11-08	True
XS1956037664	2019-11-08	True
XS1996269061	2019-11-08	True
XS2042667944	2019-11-08	True
FR0013404571	2019-11-08	True
FR0013405040	2019-11-08	True
FR0013431715	2019-11-08	True
FR0013444536	2019-11-08	True
FR0013444544	2019-11-08	True
FR0013444551	2019-11-08	True
FR0013455813	2019-11-08	True
FR0013455821	2019-11-08	True
XS2026171079	2019-11-08	True
XS2051660335	2019-11-08	True
XS2051660509	2019-11-08	True
XS2065601937	2019-11-08	True
FR0013428489	2019-11-15	True
FR0013456621	2019-11-15	True
XS2026150313	2019-11-15	True
XS2082323630	2019-11-22	True
XS2082324018	2019-11-22	True
XS2082345955	2019-11-22	True
XS2010039381	2019-11-22	True
XS2010447238	2019-11-22	True
XS2079678400	2019-11-29	True
DE000A254P51	2019-11-29	True
DE000A254P69	2019-11-29	True
XS2010039894	2019-11-29	True
XS2010039977	2019-11-29	True
XS2010040124	2019-11-29	True
XS2049616464	2019-11-29	True
XS2049616621	2019-11-29	True
XS2083146964	2019-11-29	True
XS2083147343	2019-11-29	True
XS2084488209	2019-11-29	True
XS2084497705	2019-11-29	True
XS2084510069	2019-11-29	True
XS2055651918	2019-11-29	True
XS2083976139	2019-11-29	True
FR0013462728	2019-11-29	True
XS2049090595	2019-12-06	True
FR0013409844	2019-12-06	True
FR0013444502	2019-12-06	True
DE000A2SBDE0	2019-12-20	True
DE000A2SBDF7	2019-12-20	True
XS2093242373	2019-12-20	True
XS1981060624	2019-12-20	True
XS2090807293	2019-12-20	True
DE000A2YNZX6	2020-01-10	True
XS2088659789	2020-01-10	True
FR0011842913	2020-01-10	True
FR0011842939	2020-01-10	True
FR0013463643	2020-01-10	True
FR0013463650	2020-01-10	True
FR0013463668	2020-01-10	True
FR0013463676	2020-01-10	True
FR0013465424	2020-01-10	True
XS1730873731	2020-01-17	False
XS1995795504	2020-01-17	False
XS2100663223	2020-01-17	False
XS2100663579	2020-01-17	False
XS2100664114	2020-01-17	False
DE000A28RSQ8	2020-01-17	False
DE000A28RSR6	2020-01-17	False
XS2101357072	2020-01-17	False
XS2102355588	2020-01-17	False
XS2102357014	2020-01-17	False
XS2102357105	2020-01-17	False
XS2102916793	2020-01-17	False
XS2102932055	2020-01-17	False
FR0013476595	2020-01-17	False
XS1936308391	2020-01-24	False
XS2049146215	2020-01-24	False
XS2102380776	2020-01-24	False
XS2102934697	2020-01-24	False
XS2103013210	2020-01-24	False
XS2013626010	2020-01-24	False
XS2046736752	2020-01-24	False
FR0013015559	2020-01-24	False
FR0013405032	2020-01-24	False
FR0013424868	2020-01-24	False
DE000A2R7JD3	2020-01-31	False
DE000A2R7JE1	2020-01-31	False
DE000A2RWAY2	2020-01-31	False
DE000A2TSDD4	2020-01-31	False
XS2023644540	2020-01-31	False
XS2056430874	2020-01-31	False
XS2020581752	2020-01-31	False
FR0013419736	2020-01-31	False
FR0013433679	2020-01-31	False
XS2112289207	2020-02-07	False
XS2113911387	2020-02-07	False
FR0012516417	2020-02-07	False
FR0013444676	2020-02-07	False
XS2114807691	2020-02-14	False
FR0013444692	2020-02-14	False
FR0013482809	2020-02-14	False
FR0013482817	2020-02-14	False
FR0013482825	2020-02-14	False
FR0013482833	2020-02-14	False
FR0013482841	2020-02-14	False
XS2107315470	2020-02-14	False
XS2113700921	2020-02-14	False
XS2115092954	2020-02-21	False
XS2118273601	2020-02-21	False
XS2118276026	2020-02-21	False
XS2118276539	2020-02-21	False
XS2118280218	2020-02-21	False
FR0013424876	2020-02-21	False
XS2010032378	2020-02-28	False
FR0013430741	2020-03-06	False
XS2010032535	2020-03-13	False
XS2010032709	2020-03-13	False
XS2010331101	2020-03-13	False
XS2126056204	2020-03-13	False
XS2126161681	2020-03-13	False
XS2126161764	2020-03-13	False
XS2126162069	2020-03-13	False
XS0162513211	2020-03-13	False
XS1948612905	2020-03-13	False
XS2049616894	2020-03-13	False
XS2020580945	2020-03-13	False
FR0013424850	2020-03-13	False
FR0013494168	2020-03-13	False
FR0013422623	2020-03-20	False
FR0013456431	2020-03-20	False
XS1962571011	2020-03-20	False
XS2147133495	2020-03-27	False
XS2147133578	2020-03-27	False
DE000A2R8NC5	2020-03-27	False
DE000A2R8ND3	2020-03-27	False
DE000A2YNZV0	2020-03-27	False
XS2051667181	2020-03-27	False
FR0013453040	2020-03-27	False
XS2065946837	2020-03-27	False
BE6320934266	2020-04-03	False
BE6320935271	2020-04-03	False
BE6320936287	2020-04-03	False
XS2147977479	2020-04-03	False
XS2147977636	2020-04-03	False
XS2148372696	2020-04-03	False
XS2148390755	2020-04-03	False
XS2149368529	2020-04-03	False
XS2149379211	2020-04-03	False
XS2150006133	2020-04-03	False
XS2150006307	2020-04-03	False
XS2150006562	2020-04-03	False
XS2150015555	2020-04-03	False
XS2023644201	2020-04-03	False
XS2024716099	2020-04-03	False
XS2149280948	2020-04-03	False
XS2117485677	2020-04-03	False
XS2151059206	2020-04-03	False
FR0013505104	2020-04-03	False
FR0013505112	2020-04-03	False
FR0013505260	2020-04-03	False
FR0013505559	2020-04-03	False
FR0013505567	2020-04-03	False
XS2150053721	2020-04-03	False
XS2150054372	2020-04-03	False
XS2153593103	2020-04-10	False
XS2153597518	2020-04-10	False
XS2154325562	2020-04-10	False
XS2154336338	2020-04-10	False
XS2154418144	2020-04-10	False
XS2154418730	2020-04-10	False
XS2154419118	2020-04-10	False
XS2156244043	2020-04-10	False
DE000A289RN6	2020-04-10	False
DE000A28VQC4	2020-04-10	False
DE000A28VQD2	2020-04-10	False
DE000A2RWZZ6	2020-04-10	False
XS2152329053	2020-04-10	False
XS2049419398	2020-04-10	False
XS2099128055	2020-04-10	False
XS2153410977	2020-04-10	False
FR0012199156	2020-04-10	False
FR0013504677	2020-04-10	False
FR0013506292	2020-04-10	False
FR0013506300	2020-04-10	False
FR0013506508	2020-04-10	False
FR0013506524	2020-04-10	False
FR0013506532	2020-04-10	False
FR0013506813	2020-04-10	False
FR0013506821	2020-04-10	False
FR0013506862	2020-04-10	False
FR0013507449	2020-04-10	False
FR0013507456	2020-04-10	False
XS2153406868	2020-04-10	False
XS2153409029	2020-04-10	False
DE000A28V301	2020-04-17	False
DE000A28V319	2020-04-17	False
PTEDPNOM0015	2020-04-17	False
XS2152795709	2020-04-17	False
XS2152796426	2020-04-17	False
XS2153459123	2020-04-17	False
XS2156598281	2020-04-17	False
XS2153405118	2020-04-17	False
XS2154441120	2020-04-17	False
XS2156506854	2020-04-17	False
XS2156581394	2020-04-17	False
XS2156583259	2020-04-17	False
FR0013394681	2020-04-17	False
FR0013505542	2020-04-17	False
FR0013507654	2020-04-17	False
FR0013507704	2020-04-17	False
BE6321076711	2020-04-24	False
XS2126169742	2020-04-24	False
XS2126170161	2020-04-24	False
XS2152796269	2020-04-24	False
XS0553728709	2020-04-24	False
XS2010445026	2020-04-24	False
XS2117462627	2020-04-24	False
FR0013504693	2020-04-24	False
FR0013507647	2020-04-24	False
DE000A289NE4	2020-05-01	False
DE000A289NF1	2020-05-01	False
DE000A2LQRS3	2020-05-01	False
XS2023643146	2020-05-01	False
XS2152932542	2020-05-01	False
FR0013510179	2020-05-01	False
FR0013511151	2020-05-01	False
FR0013511169	2020-05-01	False
BE6321529396	2020-05-08	False
XS2018637327	2020-05-08	False
XS2166219720	2020-05-08	False
XS2166754957	2020-05-08	False
XS2166755509	2020-05-08	False
XS2168629967	2020-05-08	False
XS2168630205	2020-05-08	False
XS2169281487	2020-05-08	False
XS2156607702	2020-05-08	False
XS2168307333	2020-05-08	False
XS2055652056	2020-05-08	False
XS2168478068	2020-05-08	False
XS2169281131	2020-05-08	False
FR0013504644	2020-05-08	False
FR0013510823	2020-05-08	False
XS2128498636	2020-05-15	False
XS2128499105	2020-05-15	False
XS2169243479	2020-05-15	False
XS2170362326	2020-05-15	False
XS2170362672	2020-05-15	False
XS2170362912	2020-05-15	False
XS2170384130	2020-05-15	False
XS2170386853	2020-05-15	False
XS2171875839	2020-05-15	False
XS2176558620	2020-05-15	False
ES0205032032	2020-05-15	False
XS2089229806	2020-05-15	False
XS2171759256	2020-05-15	False
XS2171872570	2020-05-15	False
FR0013512233	2020-05-15	False
FR0013512381	2020-05-15	False
FR0013512407	2020-05-15	False
BE6321718346	2020-05-22	False
XS2177013252	2020-05-22	False
XS2177013765	2020-05-22	False
DE000A289XG8	2020-05-22	False
DE000A289XH6	2020-05-22	False
DE000A289XJ2	2020-05-22	False
XS2156768546	2020-05-22	False
XS2176534795	2020-05-22	False
XS2177021271	2020-05-22	False
XS2177021602	2020-05-22	False
XS2177122541	2020-05-22	False
XS2177122624	2020-05-22	False
XS2177122897	2020-05-22	False
XS2177441990	2020-05-22	False
XS2177442295	2020-05-22	False
XS2177552390	2020-05-22	False
XS2177555062	2020-05-22	False
FR0013396520	2020-05-22	False
FR0013512621	2020-05-22	False
FR0013513538	2020-05-22	False
XS2176562812	2020-05-22	False
XS2176569312	2020-05-22	False
XS2176605306	2020-05-22	False
XS2170736180	2020-05-29	False
XS2170736263	2020-05-29	False
XS2175967343	2020-05-29	False
XS2178457425	2020-05-29	False
XS2178585423	2020-05-29	False
XS2178586157	2020-05-29	False
XS2178769076	2020-05-29	False
XS2178769159	2020-05-29	False
XS2178957077	2020-05-29	False
XS2177349912	2020-05-29	False
XS2179959817	2020-05-29	False
XS2176783319	2020-05-29	False
XS2176785447	2020-05-29	False
XS2182049291	2020-06-05	False
XS2182054887	2020-06-05	False
XS2182055181	2020-06-05	False
XS1265778933	2020-06-05	False
FR0013444684	2020-06-05	False
FR0013512449	2020-06-05	False
FR0013516051	2020-06-05	False
FR0013516069	2020-06-05	False
FR0013516077	2020-06-05	False
XS2168799539	2020-06-12	False
XS2177443343	2020-06-12	False
XS2185867830	2020-06-12	False
XS2185867913	2020-06-12	False
XS2185868051	2020-06-12	False
XS2188805688	2020-06-12	False
XS2188805845	2020-06-12	False
FR0013517711	2020-06-12	False
XS2187525949	2020-06-19	False
XS2189592889	2020-06-19	False
XS2189594315	2020-06-19	False
XS2189592616	2020-06-19	False
FR0013517059	2020-06-19	False
FR0013517190	2020-06-19	False
FR0013518297	2020-06-19	False
FR0013518537	2020-06-19	False
XS2191362859	2020-06-26	False
XS2193968992	2020-06-26	False
XS2193969370	2020-06-26	False
XS2193978363	2020-06-26	False
XS2193979254	2020-06-26	False
XS2193982803	2020-06-26	False
XS2193983108	2020-06-26	False
XS2191013171	2020-06-26	False
XS2193657561	2020-06-26	False
XS2194192527	2020-06-26	False
XS2194282948	2020-06-26	False
XS2194283672	2020-06-26	False
XS2194283839	2020-06-26	False
XS2193654386	2020-06-26	False
XS2193658619	2020-06-26	False
FR0013519279	2020-06-26	False
XS2190256706	2020-06-26	False
XS2190255211	2020-07-03	False
XS2190979489	2020-07-03	False
XS2196308758	2020-07-03	False
XS2198580271	2020-07-03	False
XS2197673747	2020-07-03	False
XS2195092601	2020-07-03	False
FR0013521267	2020-07-03	False
FR0013521549	2020-07-03	False
FR0013521564	2020-07-03	False
XS2192431380	2020-07-03	False
XS2178832379	2020-07-10	False
XS2178833773	2020-07-10	False
XS2199343513	2020-07-10	False
XS2199351375	2020-07-10	False
XS2199265617	2020-07-10	False
XS2199266003	2020-07-10	False
XS2199266268	2020-07-10	False
XS2199266698	2020-07-10	False
XS2199604096	2020-07-10	False
FR0013522091	2020-07-10	False
XS2197356186	2020-07-10	False
XS2200215213	2020-07-10	False
XS2053052895	2020-07-17	False
XS2193733503	2020-07-17	False
XS2203802462	2020-07-17	False
DE000A28ZQP7	2020-07-17	False
DE000A28ZQQ5	2020-07-17	False
XS2197675288	2020-07-17	False
XS2201946634	2020-07-17	False
XS2202744384	2020-07-17	False
FR0013524865	2020-07-24	False
XS2209023402	2020-07-31	False
BE6286963051	2020-08-07	False
XS2171713006	2020-08-07	False
FR0013384872	2020-08-14	False
DE000A2YNZY4	2020-08-21	False
XS1651444140	2020-08-28	False
XS2225207468	2020-09-04	False
FR0012602779	2020-09-04	False
XS2227050023	2020-09-11	False
XS2227050379	2020-09-11	False
DE000A289QR9	2020-09-11	False
XS2224621347	2020-09-11	False
XS2224621420	2020-09-11	False
XS2228892860	2020-09-11	False
XS2229434852	2020-09-11	False
XS1174211471	2020-09-18	False
XS2228897158	2020-09-18	False
XS2229470146	2020-09-18	False
XS2231165668	2020-09-18	False
XS2228260043	2020-09-18	False
XS2230266301	2020-09-18	False
FR0013534484	2020-09-18	False
XS2231183646	2020-09-18	False
XS2232115001	2020-09-25	False
XS2232115423	2020-09-25	False
XS2235986929	2020-09-25	False
XS2235987224	2020-09-25	False
XS2237302646	2020-09-25	False
XS2232027727	2020-09-25	False
XS2234567233	2020-09-25	False
XS2234567662	2020-09-25	False
XS2236363573	2020-09-25	False
XS2233121792	2020-09-25	False
XS2240063730	2020-10-02	False
XS2237434472	2020-10-02	False
XS2237447961	2020-10-02	False
XS2237901355	2020-10-02	False
XS2241825111	2020-10-09	False
XS2240505268	2020-10-09	False
XS2241090088	2020-10-09	False
FR0011912575	2020-10-09	False
XS0513509959	2020-10-16	False
DE000A289Q91	2020-10-16	False
DE000A2TSDE2	2020-10-16	False
DE000A3H2TA0	2020-10-16	False
XS1955187932	2020-10-16	False
ES0239140017	2020-10-16	False
XS2239813301	2020-10-16	False
XS2243564478	2020-10-16	False
FR00140005C6	2020-10-16	False
XS2247549731	2020-10-23	False
XS2244936659	2020-10-23	False
XS2248827771	2020-10-30	False
FR0013396512	2020-10-30	False
XS1962554785	2020-10-30	False
XS2251626896	2020-11-06	False
FR0014000C08	2020-11-06	False
FR0014000D31	2020-11-06	False
FR0014000D49	2020-11-06	False
FR0014000D56	2020-11-06	False
XS2250376477	2020-11-06	False
XS2238342484	2020-11-13	False
XS2251233651	2020-11-13	False
ES0205032040	2020-11-13	False
XS2244415175	2020-11-20	False
XS2257961818	2020-11-20	False
FR0014000KT3	2020-11-20	False
BE0002280494	2020-11-27	False
BE0002595735	2020-11-27	False
XS2264692737	2020-11-27	False
FR0014000S75	2020-11-27	False
BE0002755362	2020-12-04	False
ES0305523005	2020-12-04	False
XS2262065159	2020-12-04	False
XS2262065233	2020-12-04	False
XS2263684180	2020-12-04	False
XS2263684776	2020-12-04	False
XS2263684933	2020-12-04	False
XS2264194205	2020-12-04	False
XS2264980363	2020-12-04	False
XS2270147924	2020-12-04	False
XS2242728041	2020-12-04	False
XS2265360359	2020-12-04	False
FR0014000UC8	2020-12-04	False
FR0014000UD6	2020-12-04	False
XS2193666042	2020-12-11	False
XS2265990452	2020-12-11	False
XS1268496640	2020-12-18	False
XS2167595672	2020-12-18	False
XS2273810510	2020-12-18	False
XS2268340010	2020-12-18	False
XS2270150399	2021-01-08	False
XS2270397016	2021-01-08	False
XS2275029085	2021-01-08	False
XS2280835260	2021-01-15	False
XS2282101539	2021-01-15	False
XS2284258345	2021-01-15	False
XS2280845145	2021-01-15	False
XS2280845491	2021-01-15	False
XS2281342878	2021-01-15	False
XS2281343256	2021-01-15	False
XS2281343413	2021-01-15	False
XS2281343686	2021-01-15	False
FR0014001EW8	2021-01-15	False
FR0014001I50	2021-01-15	False
XS2286044370	2021-01-22	False
XS2286441964	2021-01-22	False
XS2286442186	2021-01-22	False
XS2288097483	2021-01-22	False
XS2193666125	2021-01-22	False
XS2289797248	2021-01-22	False
FR0013456449	2021-01-22	False
XS2270395408	2021-01-22	False
BE0002767482	2021-01-29	False
XS2290544068	2021-01-29	False
DE000A287179	2021-01-29	False
XS2166619663	2021-01-29	False
XS2292547317	2021-01-29	False
XS2293906199	2021-02-05	False
XS2292486771	2021-02-05	False
XS2292487076	2021-02-05	False
XS1084874533	2021-02-12	False
XS2297537461	2021-02-12	False
XS2281473111	2021-02-12	False
XS2199716304	2021-02-12	False
XS2297190097	2021-02-19	False
XS2300292617	2021-02-19	False
XS2300292963	2021-02-19	False
XS2300293003	2021-02-19	False
XS2300208928	2021-02-19	False
XS2301127119	2021-02-26	False
XS2303070911	2021-02-26	False
DE000A3H2457	2021-02-26	False
DE000A3H2465	2021-02-26	False
XS2299001888	2021-02-26	False
XS2299002423	2021-02-26	False
BE0002256254	2021-03-05	False
FR0013245586	2021-03-05	False
XS2306601746	2021-03-05	False
XS2307573993	2021-03-05	False
XS2308616841	2021-03-05	False
XS2307764238	2021-03-05	False
XS2307764311	2021-03-05	False
FR0013447166	2021-03-05	False
FR0013512944	2021-03-05	False
XS2166619820	2021-03-05	False
XS2306082293	2021-03-12	False
XS2310411090	2021-03-12	False
DE000A3H3JM4	2021-03-12	False
XS2310747915	2021-03-12	False
XS2310748483	2021-03-12	False
FR0014002C30	2021-03-12	False
XS2066706735	2021-03-12	False
XS2066706818	2021-03-12	False
XS2066706909	2021-03-12	False
XS2310797696	2021-03-19	False
XS2317288301	2021-03-19	False
XS2320459063	2021-03-19	False
XS2289841087	2021-03-19	False
XS2306988564	2021-03-19	False
FR0014002G36	2021-03-19	False
FR0014002G44	2021-03-19	False
DE000A3KNP88	2021-03-26	False
DE000A3KNP96	2021-03-26	False
DE000A3KNQA0	2021-03-26	False
DE000A3E5FR9	2021-03-26	False
AT0000A2QL75	2021-03-26	False
XS2320453884	2021-03-26	False
XS2322438990	2021-04-02	False
XS2324836878	2021-04-02	False
XS2325733413	2021-04-02	False
DE000A3H3J14	2021-04-02	False
DE000A3H3J22	2021-04-02	False
DE000A3H3J30	2021-04-02	False
DE000A3H3JU7	2021-04-02	False
XS2325562424	2021-04-02	False
XS2325562697	2021-04-02	False
XS2325565104	2021-04-02	False
XS2327298217	2021-04-09	False
XS2327299298	2021-04-09	False
XS2327299884	2021-04-09	False
XS2328418186	2021-04-09	False
DE000A3H25P4	2021-04-09	False
DE000A3H25Q2	2021-04-09	False
FR0013426731	2021-04-09	False
XS2324772453	2021-04-09	False
XS2261215011	2021-04-16	False
XS2332186001	2021-04-16	False
XS2306986782	2021-04-16	False
FR0013447232	2021-04-16	False
XS2331315635	2021-04-23	False
XS2332234413	2021-04-23	False
XS2332687040	2021-04-23	False
